ID,Name,Email,Phone Number
1,Kowsar Ahmed,kowsar5252@gmail.com,1991951452
2,Sabbir,kowsar5252@gmail.com,1991951452
3,rahman,kowsar5252@gmail.com,1991951452
4,Emam,kowsar5252@gmail.com,1991951452
5,Rasel,kowsar5252@gmail.com,1991951452
6,Nahim,kowsar5252@gmail.com,1991951452
7,Mahmud,kowsar5252@gmail.com,1991951452
8,noyan,kowsar5252@gmail.com,1991951452
9,Rashek,kowsar5252@gmail.com,1991951452
10,habib,kowsar5252@gmail.com,1991951452
11,Rasel,kowsar5252@gmail.com,1991951452
12,Kowsar Hossain,kowsar5252@gmail.com,1991951452
13,Hossen,kowsar5252@gmail.com,1991951452
14,Mahmud,kowsar5252@gmail.com,1991951452
15,noyan,kowsar5252@gmail.com,1991951452
16,Rashek,kowsar5252@gmail.com,1991951452
17,habib,kowsar5252@gmail.com,1991951452
18,Rasel,kowsar5252@gmail.com,1991951452
19,Kowsar Hossain,kowsar5252@gmail.com,1991951452
20,Hossen,kowsar5252@gmail.com,1991951452
